name,file,occurrences
CardSkeleton,src/components/ui/loading.tsx,1
clearAllVisibilityGuards,src/lib/ios-visibility-guard.ts,1
clearDeduplicationCache,src/lib/request-deduplication.ts,1
createMonitoredPrismaClient,src/lib/query-monitor.ts,1
exportQueryStats,src/lib/query-monitor.ts,1
getDeduplicationStats,src/lib/request-deduplication.ts,1
getEventsListMinimal,src/lib/queries.ts,1
getMemberListItem,src/lib/queries.ts,1
getScoreColor,src/lib/utils.ts,1
getScoreLabel,src/lib/utils.ts,1
isActionError,src/lib/dtos.ts,1
isActionSuccess,src/lib/dtos.ts,1
MyContent,src/lib/use-ios-resume-optimization.ts,1
requireAuth,src/lib/auth.ts,1
resetQueryStats,src/lib/query-monitor.ts,1
toAttendanceStatsDTO,src/lib/dtos.ts,1
toMemberListDTO,src/lib/dtos.ts,1
toTeamMinimalDTO,src/lib/dtos.ts,1
triggerIOSResume,src/lib/use-ios-resume-optimization.ts,1
useIsIOSResuming,src/lib/use-ios-resume-optimization.ts,1
usePWA,src/components/service-worker.tsx,1
wouldTriggerResume,src/lib/ios-visibility-guard.ts,1
